<?xml version="1.0" encoding="UTF-8" standalone="yes"?>
<addon id="repository.Radix" name="Radix" version="0.0.1" provider-name="radix">
	<extension point="xbmc.addon.repository" name="Radix">
		<dir>
			<info compressed="false">https://raw.githubusercontent.com/noobsandnerds/modules4all/master/zips/addons.xml</info>
			<checksum>https://raw.githubusercontent.com/noobsandnerds/modules4all/master/zips/addons.xml.md5</checksum>
			<datadir zip="true">https://raw.githubusercontent.com/noobsandnerds/modules4all/master/zips/</datadir>
		</dir>
		<info compressed="false">https://raw.githubusercontent.com/irlam/repository.Radix/master/zips/addons.xml</info>
		<checksum>https://raw.githubusercontent.com/irlam/repository.Radix/master/zips/addons.xml.md5</checksum>
		<datadir zip="true">https://raw.githubusercontent.com/irlam/repository.Radix/master/zips/</datadir>
	</extension>
	<extension point="xbmc.addon.metadata">
		<summary lang="en">Home Of  the  Radix repo</summary>
		<description lang="en">Radix Repo</description>
		<genre>uk</genre>
	</extension>
</addon>