<?xml version="1.0" encoding="UTF-8" standalone="yes"?>
<addon id="plugin.video.ask"
       name="[COLOR yellow][B]•[/B][/COLOR][COLOR cyan][B]A[/B][/COLOR][COLOR yellow][B]•[/B][/COLOR][COLOR red][B]S[/B][/COLOR][COLOR yellow][B]•[/B][/COLOR][COLOR cyan][B]K[/B][/COLOR][COLOR yellow][B]•[/B][/COLOR]"
       version="1.0.1"
       provider-name="[COLOR yellow][B]•[/B][/COLOR][COLOR cyan][B]A[/B][/COLOR][COLOR yellow][B]•[/B][/COLOR][COLOR red][B]S[/B][/COLOR][COLOR yellow][B]•[/B][/COLOR][COLOR cyan][B]K[/B][/COLOR][COLOR yellow][B]•[/B][/COLOR]">
  <requires>
    <import addon="xbmc.python" version="2.1.0"/>
	  <import addon="script.module.t0mm0.common" version="2.0.0"/>
    <import addon="script.module.beautifulsoup" version="3.2.1"/>
    <import addon="script.module.simple.downloader" version="0.9.4"/>
    <import addon="script.module.beautifulsoup4" />
    <import addon="script.module.simple.downloader" version="0.9.4"/>
    <import addon="script.module.requests" />
    <import addon="script.module.httplib2" />
    <import addon="script.module.youtube.dl" optional="true"/>
    <import addon="plugin.video.youtube" version="3.0.0"/>
    <import addon="script.module.urlresolver"  version="3.0.0"/>
    <import addon="script.module.simplejson" /> 
    <import addon="script.common.plugin.cache" version="2.5.2"/>
    <import addon="script.module.metahandler" version="2.5.1"/>

  </requires>
  <extension point="xbmc.python.pluginsource" library="ASK.py">
    <provides>video</provides>
  </extension>
  <extension point="xbmc.addon.metadata">
    <summary lang="en">[COLOR yellow][B]A HUGE THANKS TO ALL THE POSTERS IN THE GROUP... WITHOUT YOU THIS ADDON WOULD NOT EXIST !!![/COLOR]</summary>
    <description lang="en">[COLOR cyan][B]WE DO NOT HOST PIRATED CONTENT BUT INSTEAD WE CONNECT OUR USERS TO SOURCES ALREADY AVAILABLE ONLINE...[/B][/COLOR]</description>
    <platform>all</platform>
    <news>
New scraper for M3U files added source cafe-Tv
  </news>
    <assets>
    <icon>icon.png</icon>
    <fanart>fanart.jpg</fanart>
    <screenshot>resources/screenshots/screenshot001.png</screenshot>
    <screenshot>resources/screenshots/screenshot002.png</screenshot>
    <screenshot>resources/screenshots/screenshot003.png</screenshot>
    <screenshot>resources/screenshots/screenshot004.png</screenshot>
    <screenshot>resources/screenshots/screenshot005.png</screenshot>
    <screenshot>resources/screenshots/screenshot006.png</screenshot>
    <screenshot>resources/screenshots/screenshot007.png</screenshot>
    <screenshot>resources/screenshots/screenshot008.png</screenshot>
    <screenshot>resources/screenshots/screenshot009.png</screenshot>
    </assets>
  </extension>
</addon>
